code,e2014,title,
00-0000,"150,539.90","Total, all occupations",
11-0000,"9,157.50",Management occupations,
11-1000,"2,525.90",Top executives,
11-1011,343.4,Chief executives,
11-1021,"2,124.10",General and operations managers,
11-1031,58.3,Legislators,
11-2000,667.3,"Advertising, marketing, promotions, public relations, and sales managers",
11-2011,31,Advertising and promotions managers,
11-2020,570.6,Marketing and sales managers,
11-2021,194.3,Marketing managers,
11-2022,376.3,Sales managers,
11-2031,65.8,Public relations and fundraising managers,
11-3000,"1,721.90",Operations specialties managers,
11-3011,287.3,Administrative services managers,
11-3021,348.5,Computer and information systems managers,
11-3031,555.9,Financial managers,
11-3051,173.4,Industrial production managers,
11-3061,73,Purchasing managers,
11-3071,111.6,"Transportation, storage, and distribution managers",
11-3111,16.9,Compensation and benefits managers,
11-3121,122.5,Human resources managers,
11-3131,32.9,Training and development managers,
11-9000,"4,242.50",Other management occupations,
11-9013,929.8,"Farmers, ranchers, and other agricultural managers",
11-9021,373.2,Construction managers,
11-9030,516.9,Education administrators,
11-9031,64,"Education administrators, preschool and childcare center/program",
11-9032,240,"Education administrators, elementary and secondary school",
11-9033,175.1,"Education administrators, postsecondary",
11-9039,37.8,"Education administrators, all other",
11-9041,182.1,Architectural and engineering managers,
11-9051,305,Food service managers,
11-9061,29.3,Funeral service managers,
11-9071,3.8,Gaming managers,
11-9081,48.4,Lodging managers,
11-9111,333,Medical and health services managers,
11-9121,55.1,Natural sciences managers,
11-9131,17.3,Postmasters and mail superintendents,
11-9141,313.8,"Property, real estate, and community association managers",
11-9151,138.5,Social and community service managers,
11-9161,10.5,Emergency management directors,
11-9199,985.6,"Managers, all other",
13-0000,"7,565.30",Business and financial operations occupations,
13-1000,"4,708.80",Business operations specialists,
13-1011,19.7,"Agents and business managers of artists, performers, and athletes",
13-1020,443.2,Buyers and purchasing agents,
13-1021,12.9,"Buyers and purchasing agents, farm products",
13-1022,129.5,"Wholesale and retail buyers, except farm products",
13-1023,300.8,"Purchasing agents, except wholesale, retail, and farm products",
13-1030,315.3,"Claims adjusters, appraisers, examiners, and investigators",
13-1031,299.7,"Claims adjusters, examiners, and investigators",
13-1032,15.5,"Insurance appraisers, auto damage",
13-1041,260.3,Compliance officers,
13-1051,213.5,Cost estimators,
13-1070,564.1,Human resources workers,
13-1071,482,Human resources specialists,
13-1074,0.1,Farm labor contractors,
13-1075,82.1,Labor relations specialists,
13-1081,130.4,Logisticians,
13-1111,758,Management analysts,
13-1121,100,"Meeting, convention, and event planners",
13-1131,73.4,Fundraisers,
13-1141,84.7,"Compensation, benefits, and job analysis specialists",
13-1151,252.6,Training and development specialists,
13-1161,495.5,Market research analysts and marketing specialists,
13-1199,998,"Business operations specialists, all other",
13-2000,"2,856.60",Financial specialists,
13-2011,"1,332.70",Accountants and auditors,
13-2021,85.8,Appraisers and assessors of real estate,
13-2031,60.8,Budget analysts,
13-2041,69.4,Credit analysts,
13-2050,630.4,Financial analysts and advisors,
13-2051,277.6,Financial analysts,
13-2052,249.4,Personal financial advisors,
13-2053,103.4,Insurance underwriters,
13-2061,38.2,Financial examiners,
13-2070,335.8,Credit counselors and loan officers,
13-2071,32.6,Credit counselors,
13-2072,303.2,Loan officers,
13-2080,158.4,"Tax examiners, collectors and preparers, and revenue agents",
13-2081,67.9,"Tax examiners and collectors, and revenue agents",
13-2082,90.4,Tax preparers,
13-2099,145.2,"Financial specialists, all other",
15-0000,"4,068.30",Computer and mathematical occupations,
15-1100,"3,916.10",Computer occupations,
15-1111,25.6,Computer and information research scientists,
15-1120,650.7,Computer and information analysts,
15-1121,567.8,Computer systems analysts,
15-1122,82.9,Information security analysts,
15-1130,"1,591.10",Software developers and programmers,
15-1131,328.6,Computer programmers,
15-1132,718.4,"Software developers, applications",
15-1133,395.6,"Software developers, systems software",
15-1134,148.5,Web developers,
15-1140,648.8,Database and systems administrators and network architects,
15-1141,120,Database administrators,
15-1142,382.6,Network and computer systems administrators,
15-1143,146.2,Computer network architects,
15-1150,766.9,Computer support specialists,
15-1151,585.9,Computer user support specialists,
15-1152,181,Computer network support specialists,
15-1199,233,"Computer occupations, all other",
15-2000,152.2,Mathematical science occupations,
15-2011,24.6,Actuaries,
15-2021,3.5,Mathematicians,
15-2031,91.3,Operations research analysts,
15-2041,30,Statisticians,
15-2090,3,Miscellaneous mathematical science occupations,
15-2091,1.2,Mathematical technicians,
15-2099,1.8,"Mathematical science occupations, all other",
17-0000,"2,532.70",Architecture and engineering occupations,
17-1000,191.7,"Architects, surveyors, and cartographers",
17-1010,135.1,"Architects, except naval",
17-1011,112.6,"Architects, except landscape and naval",
17-1012,22.5,Landscape architects,
17-1020,56.6,"Surveyors, cartographers, and photogrammetrists",
17-1021,12.3,Cartographers and photogrammetrists,
17-1022,44.3,Surveyors,
17-2000,"1,636.20",Engineers,
17-2011,72.5,Aerospace engineers,
17-2021,2.9,Agricultural engineers,
17-2031,22.1,Biomedical engineers,
17-2041,34.3,Chemical engineers,
17-2051,281.4,Civil engineers,
17-2061,77.7,Computer hardware engineers,
17-2070,315.9,Electrical and electronics engineers,
17-2071,178.4,Electrical engineers,
17-2072,137.4,"Electronics engineers, except computer",
17-2081,55.1,Environmental engineers,
17-2110,266.3,"Industrial engineers, including health and safety",
17-2111,25.2,"Health and safety engineers, except mining safety engineers and inspectors",
17-2112,241.1,Industrial engineers,
17-2121,8.3,Marine engineers and naval architects,
17-2131,25.3,Materials engineers,
17-2141,277.5,Mechanical engineers,
17-2151,8.3,"Mining and geological engineers, including mining safety engineers",
17-2161,16.8,Nuclear engineers,
17-2171,35.1,Petroleum engineers,
17-2199,136.9,"Engineers, all other",
17-3000,704.7,"Drafters, engineering technicians, and mapping technicians",
17-3010,204.4,Drafters,
17-3011,94,Architectural and civil drafters,
17-3012,30.1,Electrical and electronics drafters,
17-3013,65.7,Mechanical drafters,
17-3019,14.7,"Drafters, all other",
17-3020,443,"Engineering technicians, except drafters",
17-3021,11.4,Aerospace engineering and operations technicians,
17-3022,74,Civil engineering technicians,
17-3023,139.4,Electrical and electronics engineering technicians,
17-3024,14.7,Electro-mechanical technicians,
17-3025,18.6,Environmental engineering technicians,
17-3026,66.5,Industrial engineering technicians,
17-3027,48.4,Mechanical engineering technicians,
17-3029,70.1,"Engineering technicians, except drafters, all other",
17-3031,57.3,Surveying and mapping technicians,
19-0000,"1,310.40","Life, physical, and social science occupations",
19-1000,310.9,Life scientists,
19-1010,36.1,Agricultural and food scientists,
19-1011,2.9,Animal scientists,
19-1012,15.4,Food scientists and technologists,
19-1013,17.7,Soil and plant scientists,
19-1020,114.1,Biological scientists,
19-1021,34.1,Biochemists and biophysicists,
19-1022,22.4,Microbiologists,
19-1023,21.3,Zoologists and wildlife biologists,
19-1029,36.4,"Biological scientists, all other",
19-1030,36.5,Conservation scientists and foresters,
19-1031,21.1,Conservation scientists,
19-1032,15.5,Foresters,
19-1040,113.6,Medical scientists,
19-1041,5.8,Epidemiologists,
19-1042,107.9,"Medical scientists, except epidemiologists",
19-1099,10.6,"Life scientists, all other",
19-2000,296.8,Physical scientists,
19-2010,20,Astronomers and physicists,
19-2011,1.9,Astronomers,
19-2012,18.1,Physicists,
19-2021,11.8,Atmospheric and space scientists,
19-2030,98.4,Chemists and materials scientists,
19-2031,91.1,Chemists,
19-2032,7.3,Materials scientists,
19-2040,138,Environmental scientists and geoscientists,
19-2041,94.6,"Environmental scientists and specialists, including health",
19-2042,36.4,"Geoscientists, except hydrologists and geographers",
19-2043,7,Hydrologists,
19-2099,28.5,"Physical scientists, all other",
19-3000,307.1,Social scientists and related workers,
19-3011,21.5,Economists,
19-3022,16.7,Survey researchers,
19-3030,173.9,Psychologists,
19-3031,155.3,"Clinical, counseling, and school psychologists",
19-3032,2,Industrial-organizational psychologists,
19-3039,16.6,"Psychologists, all other",
19-3041,2.6,Sociologists,
19-3051,38,Urban and regional planners,
19-3090,54.4,Miscellaneous social scientists and related workers,
19-3091,7.7,Anthropologists and archeologists,
19-3092,1.4,Geographers,
19-3093,3.5,Historians,
19-3094,6.2,Political scientists,
19-3099,35.6,"Social scientists and related workers, all other",
19-4000,395.6,"Life, physical, and social science technicians",
19-4011,33,Agricultural and food science technicians,
19-4021,79.3,Biological technicians,
19-4031,66.5,Chemical technicians,
19-4041,16.5,Geological and petroleum technicians,
19-4051,6.8,Nuclear technicians,
19-4061,32,Social science research assistants,
19-4090,161.4,"Miscellaneous life, physical, and social science technicians",
19-4091,36.2,"Environmental science and protection technicians, including health",
19-4092,14.4,Forensic science technicians,
19-4093,32.6,Forest and conservation technicians,
19-4099,78.2,"Life, physical, and social science technicians, all other",
21-0000,"2,465.70",Community and social service occupations,
21-1000,"2,033.70","Counselors, social workers, and other community and social service specialists",
21-1010,687.6,Counselors,
21-1011,94.9,Substance abuse and behavioral disorder counselors,
21-1012,273.4,"Educational, guidance, school, and vocational counselors",
21-1013,33.7,Marriage and family therapists,
21-1014,134.5,Mental health counselors,
21-1015,120.1,Rehabilitation counselors,
21-1019,31,"Counselors, all other",
21-1020,649.3,Social workers,
21-1021,305.2,"Child, family, and school social workers",
21-1022,160.1,Healthcare social workers,
21-1023,117.8,Mental health and substance abuse social workers,
21-1029,66.4,"Social workers, all other",
21-1090,696.8,Miscellaneous community and social service specialists,
21-1091,61.4,Health educators,
21-1092,91.7,Probation officers and correctional treatment specialists,
21-1093,386.6,Social and human service assistants,
21-1094,54.3,Community health workers,
21-1099,102.7,"Community and social service specialists, all other",
21-2000,432,Religious workers,
21-2011,244.2,Clergy,
21-2021,131.9,"Directors, religious activities and education",
21-2099,55.9,"Religious workers, all other",
23-0000,"1,268.20",Legal occupations,
23-1000,844.2,"Lawyers, judges, and related workers",
23-1010,791.1,Lawyers and judicial law clerks,
23-1011,778.7,Lawyers,
23-1012,12.4,Judicial law clerks,
23-1020,53.2,"Judges, magistrates, and other judicial workers",
23-1021,15,"Administrative law judges, adjudicators, and hearing officers",
23-1022,8.4,"Arbitrators, mediators, and conciliators",
23-1023,29.7,"Judges, magistrate judges, and magistrates",
23-2000,424,Legal support workers,
23-2011,279.5,Paralegals and legal assistants,
23-2090,144.4,Miscellaneous legal support workers,
23-2091,20.8,Court reporters,
23-2093,71.1,"Title examiners, abstractors, and searchers",
23-2099,52.6,"Legal support workers, all other",
25-0000,"9,216.10","Education, training, and library occupations",
25-1000,"1,869.40",Postsecondary teachers,
25-1011,106.8,"Business teachers, postsecondary",
25-1020,106.9,"Math and computer teachers, postsecondary",
25-1021,43.4,"Computer science teachers, postsecondary",
25-1022,63.5,"Mathematical science teachers, postsecondary",
25-1030,55,"Engineering and architecture teachers, postsecondary",
25-1031,9.1,"Architecture teachers, postsecondary",
25-1032,46,"Engineering teachers, postsecondary",
25-1040,78.7,"Life sciences teachers, postsecondary",
25-1041,12.1,"Agricultural sciences teachers, postsecondary",
25-1042,64.3,"Biological science teachers, postsecondary",
25-1043,2.3,"Forestry and conservation science teachers, postsecondary",
25-1050,64.2,"Physical sciences teachers, postsecondary",
25-1051,13.2,"Atmospheric, earth, marine, and space sciences teachers, postsecondary",
25-1052,26.6,"Chemistry teachers, postsecondary",
25-1053,6.7,"Environmental science teachers, postsecondary",
25-1054,17.7,"Physics teachers, postsecondary",
25-1060,144.2,"Social sciences teachers, postsecondary",
25-1061,7.5,"Anthropology and archeology teachers, postsecondary",
25-1062,11.6,"Area, ethnic, and cultural studies teachers, postsecondary",
25-1063,17.3,"Economics teachers, postsecondary",
25-1064,5.4,"Geography teachers, postsecondary",
25-1065,21.6,"Political science teachers, postsecondary",
25-1066,47.3,"Psychology teachers, postsecondary",
25-1067,20.7,"Sociology teachers, postsecondary",
25-1069,12.9,"Social sciences teachers, postsecondary, all other",
25-1070,279,"Health teachers, postsecondary",
25-1071,210.4,"Health specialties teachers, postsecondary",
25-1072,68.6,"Nursing instructors and teachers, postsecondary",
25-1080,81.3,"Education and library science teachers, postsecondary",
25-1081,75.7,"Education teachers, postsecondary",
25-1082,5.6,"Library science teachers, postsecondary",
25-1110,52.2,"Law, criminal justice, and social work teachers, postsecondary",
25-1111,17.4,"Criminal justice and law enforcement teachers, postsecondary",
25-1112,21.1,"Law teachers, postsecondary",
25-1113,13.7,"Social work teachers, postsecondary",
25-1120,344.6,"Arts, communications, and humanities teachers, postsecondary",
25-1121,120.7,"Art, drama, and music teachers, postsecondary",
25-1122,36,"Communications teachers, postsecondary",
25-1123,90.8,"English language and literature teachers, postsecondary",
25-1124,37.2,"Foreign language and literature teachers, postsecondary",
25-1125,29.2,"History teachers, postsecondary",
25-1126,30.7,"Philosophy and religion teachers, postsecondary",
25-1190,556.4,Miscellaneous postsecondary teachers,
25-1191,159.2,Graduate teaching assistants,
25-1192,4.3,"Home economics teachers, postsecondary",
25-1193,22.1,"Recreation and fitness studies teachers, postsecondary",
25-1194,138.5,"Vocational education teachers, postsecondary",
25-1199,232.3,"Postsecondary teachers, all other",
25-2000,"4,131.90","Preschool, primary, secondary, and special education school teachers",
25-2010,600.4,Preschool and kindergarten teachers,
25-2011,441,"Preschool teachers, except special education",
25-2012,159.4,"Kindergarten teachers, except special education",
25-2020,"1,999.20",Elementary and middle school teachers,
25-2021,"1,358.00","Elementary school teachers, except special education",
25-2022,627.5,"Middle school teachers, except special and career/technical education",
25-2023,13.7,"Career/technical education teachers, middle school",
25-2030,"1,041.20",Secondary school teachers,
25-2031,961.6,"Secondary school teachers, except special and career/technical education",
25-2032,79.6,"Career/technical education teachers, secondary school",
25-2050,491.1,Special education teachers,
25-2051,25.5,"Special education teachers, preschool",
25-2052,198.1,"Special education teachers, kindergarten and elementary school",
25-2053,93,"Special education teachers, middle school",
25-2054,134,"Special education teachers, secondary school",
25-2059,40.4,"Special education teachers, all other",
25-3000,"1,408.70",Other teachers and instructors,
25-3011,77.5,Adult basic and secondary education and literacy teachers and instructors,
25-3021,348.7,Self-enrichment education teachers,
25-3099,982.5,"Teachers and instructors, all other",
25-4000,276.2,"Librarians, curators, and archivists",
25-4010,31.3,"Archivists, curators, and museum technicians",
25-4011,6.9,Archivists,
25-4012,13.1,Curators,
25-4013,11.3,Museum technicians and conservators,
25-4021,143.1,Librarians,
25-4031,101.8,Library technicians,
25-9000,"1,530.00","Other education, training, and library occupations",
25-9011,10,Audio-visual and multimedia collections specialists,
25-9021,10.8,Farm and home management advisors,
25-9031,151.1,Instructional coordinators,
25-9041,"1,234.10",Teacher assistants,
25-9099,124,"Education, training, and library workers, all other",
27-0000,"2,624.20","Arts, design, entertainment, sports, and media occupations",
27-1000,773.1,Art and design workers,
27-1010,189.3,Artists and related workers,
27-1011,74.6,Art directors,
27-1012,10.6,Craft artists,
27-1013,26.3,"Fine artists, including painters, sculptors, and illustrators",
27-1014,64.4,Multimedia artists and animators,
27-1019,13.4,"Artists and related workers, all other",
27-1020,583.8,Designers,
27-1021,38.4,Commercial and industrial designers,
27-1022,23.1,Fashion designers,
27-1023,58.7,Floral designers,
27-1024,261.6,Graphic designers,
27-1025,58.9,Interior designers,
27-1026,120.8,Merchandise displayers and window trimmers,
27-1027,13.3,Set and exhibit designers,
27-1029,8.9,"Designers, all other",
27-2000,781.7,"Entertainers and performers, sports and related workers",
27-2010,192.1,"Actors, producers, and directors",
27-2011,69.4,Actors,
27-2012,122.6,Producers and directors,
27-2020,284.1,"Athletes, coaches, umpires, and related workers",
27-2021,13.7,Athletes and sports competitors,
27-2022,250.6,Coaches and scouts,
27-2023,19.8,"Umpires, referees, and other sports officials",
27-2030,20.1,Dancers and choreographers,
27-2031,13,Dancers,
27-2032,7.1,Choreographers,
27-2040,255.4,"Musicians, singers, and related workers",
27-2041,82.1,Music directors and composers,
27-2042,173.3,Musicians and singers,
27-2099,30,"Entertainers and performers, sports and related workers, all other",
27-3000,747.9,Media and communication workers,
27-3010,52.5,Announcers,
27-3011,42.3,Radio and television announcers,
27-3012,10.2,Public address system and other announcers,
27-3020,54.4,"News analysts, reporters and correspondents",
27-3021,5.1,Broadcast news analysts,
27-3022,49.3,Reporters and correspondents,
27-3031,240.7,Public relations specialists,
27-3040,305.8,Writers and editors,
27-3041,117.2,Editors,
27-3042,52,Technical writers,
27-3043,136.5,Writers and authors,
27-3090,94.5,Miscellaneous media and communication workers,
27-3091,61,Interpreters and translators,
27-3099,33.5,"Media and communication workers, all other",
27-4000,321.6,Media and communication equipment workers,
27-4010,118.4,Broadcast and sound engineering technicians and radio operators,
27-4011,70.9,Audio and video equipment technicians,
27-4012,30.1,Broadcast technicians,
27-4013,1.2,Radio operators,
27-4014,16.1,Sound engineering technicians,
27-4021,124.9,Photographers,
27-4030,58.9,"Television, video, and motion picture camera operators and editors",
27-4031,25.4,"Camera operators, television, video, and motion picture",
27-4032,33.5,Film and video editors,
27-4099,19.4,"Media and communication equipment workers, all other",
29-0000,"8,236.50",Healthcare practitioners and technical occupations,
29-1000,"5,132.40",Health diagnosing and treating practitioners,
29-1011,45.2,Chiropractors,
29-1020,151.5,Dentists,
29-1021,129,"Dentists, general",
29-1022,6.8,Oral and maxillofacial surgeons,
29-1023,8.2,Orthodontists,
29-1024,0.8,Prosthodontists,
29-1029,6.7,"Dentists, all other specialists",
29-1031,66.7,Dietitians and nutritionists,
29-1041,40.6,Optometrists,
29-1051,297.1,Pharmacists,
29-1060,708.3,Physicians and surgeons,
29-1061,33.7,Anesthesiologists,
29-1062,139.8,Family and general practitioners,
29-1063,54.3,"Internists, general",
29-1064,24.4,Obstetricians and gynecologists,
29-1065,34.8,"Pediatricians, general",
29-1066,28.2,Psychiatrists,
29-1067,46,Surgeons,
29-1069,347.2,"Physicians and surgeons, all other",
29-1071,94.4,Physician assistants,
29-1081,9.6,Podiatrists,
29-1120,655.9,Therapists,
29-1122,114.6,Occupational therapists,
29-1123,210.9,Physical therapists,
29-1124,16.6,Radiation therapists,
29-1125,18.6,Recreational therapists,
29-1126,120.7,Respiratory therapists,
29-1127,135.4,Speech-language pathologists,
29-1128,14.5,Exercise physiologists,
29-1129,24.7,"Therapists, all other",
29-1131,78.3,Veterinarians,
29-1141,"2,751.00",Registered nurses,
29-1151,38.2,Nurse anesthetists,
29-1161,5.3,Nurse midwives,
29-1171,126.9,Nurse practitioners,
29-1181,13.2,Audiologists,
29-1199,50.1,"Health diagnosing and treating practitioners, all other",
29-2000,"2,946.60",Health technologists and technicians,
29-2010,328.2,Clinical laboratory technologists and technicians,
29-2011,164.8,Medical and clinical laboratory technologists,
29-2012,163.4,Medical and clinical laboratory technicians,
29-2021,200.5,Dental hygienists,
29-2030,363.9,Diagnostic related technologists and technicians,
29-2031,52,Cardiovascular technologists and technicians,
29-2032,60.7,Diagnostic medical sonographers,
29-2033,20.7,Nuclear medicine technologists,
29-2034,197,Radiologic technologists,
29-2035,33.6,Magnetic resonance imaging technologists,
29-2041,241.2,Emergency medical technicians and paramedics,
29-2050,712.8,Health practitioner support technologists and technicians,
29-2051,29.3,Dietetic technicians,
29-2052,372.5,Pharmacy technicians,
29-2053,67.9,Psychiatric technicians,
29-2054,10.7,Respiratory therapy technicians,
29-2055,99.8,Surgical technologists,
29-2056,95.6,Veterinary technologists and technicians,
29-2057,37,Ophthalmic medical technicians,
29-2061,719.9,Licensed practical and licensed vocational nurses,
29-2071,188.6,Medical records and health information technicians,
29-2081,75.2,"Opticians, dispensing",
29-2090,116.4,Miscellaneous health technologists and technicians,
29-2091,8.3,Orthotists and prosthetists,
29-2092,5.9,Hearing aid specialists,
29-2099,102.2,"Health technologists and technicians, all other",
29-9000,157.4,Other healthcare practitioners and technical occupations,
29-9010,85.5,Occupational health and safety specialists and technicians,
29-9011,70.3,Occupational health and safety specialists,
29-9012,15.1,Occupational health and safety technicians,
29-9090,72,Miscellaneous health practitioners and technical workers,
29-9091,25.4,Athletic trainers,
29-9092,2.4,Genetic counselors,
29-9099,44.2,"Healthcare practitioners and technical workers, all other",
31-0000,"4,238.00",Healthcare support occupations,
31-1000,"2,536.00","Nursing, psychiatric, and home health aides",
31-1011,913.5,Home health aides,
31-1013,77.3,Psychiatric aides,
31-1014,"1,492.10",Nursing assistants,
31-1015,53,Orderlies,
31-2000,170.6,Occupational therapy and physical therapist assistants and aides,
31-2010,41.9,Occupational therapy assistants and aides,
31-2011,33,Occupational therapy assistants,
31-2012,8.8,Occupational therapy aides,
31-2020,128.7,Physical therapist assistants and aides,
31-2021,78.7,Physical therapist assistants,
31-2022,50,Physical therapist aides,
31-9000,"1,531.40",Other healthcare support occupations,
31-9011,168.8,Massage therapists,
31-9090,"1,362.60",Miscellaneous healthcare support occupations,
31-9091,318.8,Dental assistants,
31-9092,591.3,Medical assistants,
31-9093,52,Medical equipment preparers,
31-9094,70,Medical transcriptionists,
31-9095,41.5,Pharmacy aides,
31-9096,73.4,Veterinary assistants and laboratory animal caretakers,
31-9097,112.7,Phlebotomists,
31-9099,102.7,"Healthcare support workers, all other",
33-0000,"3,443.80",Protective service occupations,
33-1000,288,Supervisors of protective service workers,
33-1010,155.7,First-line supervisors of law enforcement workers,
33-1011,47.6,First-line supervisors of correctional officers,
33-1012,108.1,First-line supervisors of police and detectives,
33-1021,63.5,First-line supervisors of fire fighting and prevention workers,
33-1099,68.7,"First-line supervisors of protective service workers, all other",
33-2000,341.4,Fire fighting and prevention workers,
33-2011,327.3,Firefighters,
33-2020,14.1,Fire inspectors,
33-2021,12.4,Fire inspectors and investigators,
33-2022,1.7,Forest fire inspectors and prevention specialists,
33-3000,"1,290.60",Law enforcement workers,
33-3010,474.8,"Bailiffs, correctional officers, and jailers",
33-3011,17.3,Bailiffs,
33-3012,457.6,Correctional officers and jailers,
33-3021,116.7,Detectives and criminal investigators,
33-3031,6.2,Fish and game wardens,
33-3041,9.4,Parking enforcement workers,
33-3050,683.5,Police officers,
33-3051,680,Police and sheriff's patrol officers,
33-3052,3.6,Transit and railroad police,
33-9000,"1,523.80",Other protective service workers,
33-9011,15,Animal control workers,
33-9021,34.9,Private detectives and investigators,
33-9030,"1,102.50",Security guards and gaming surveillance officers,
33-9031,7,Gaming surveillance officers and gaming investigators,
33-9032,"1,095.40",Security guards,
33-9090,371.5,Miscellaneous protective service workers,
33-9091,69.8,Crossing guards,
33-9092,141.3,"Lifeguards, ski patrol, and other recreational protective service workers",
33-9093,46.6,Transportation security screeners,
33-9099,113.8,"Protective service workers, all other",
35-0000,"12,467.60",Food preparation and serving related occupations,
35-1000,"1,017.60",Supervisors of food preparation and serving workers,
35-1011,127.5,Chefs and head cooks,
35-1012,890.1,First-line supervisors of food preparation and serving workers,
35-2000,"3,164.70",Cooks and food preparation workers,
35-2010,"2,290.80",Cooks,
35-2011,524.4,"Cooks, fast food",
35-2012,417.6,"Cooks, institution and cafeteria",
35-2013,35.9,"Cooks, private household",
35-2014,"1,109.70","Cooks, restaurant",
35-2015,181.6,"Cooks, short order",
35-2019,21.5,"Cooks, all other",
35-2021,873.9,Food preparation workers,
35-3000,"6,940.00",Food and beverage serving workers,
35-3011,580.9,Bartenders,
35-3020,"3,640.90",Fast food and counter workers,
35-3021,"3,159.70","Combined food preparation and serving workers, including fast food",
35-3022,481.2,"Counter attendants, cafeteria, food concession, and coffee shop",
35-3031,"2,465.10",Waiters and waitresses,
35-3041,253.1,"Food servers, nonrestaurant",
35-9000,"1,345.30",Other food preparation and serving related workers,
35-9011,415.3,Dining room and cafeteria attendants and bartender helpers,
35-9021,507.4,Dishwashers,
35-9031,376.4,"Hosts and hostesses, restaurant, lounge, and coffee shop",
35-9099,46.1,"Food preparation and serving related workers, all other",
37-0000,"5,617.20",Building and grounds cleaning and maintenance occupations,
37-1000,425.9,Supervisors of building and grounds cleaning and maintenance workers,
37-1011,247.9,First-line supervisors of housekeeping and janitorial workers,
37-1012,178,"First-line supervisors of landscaping, lawn service, and groundskeeping workers",
37-2000,"3,909.20",Building cleaning and pest control workers,
37-2010,"3,835.10",Building cleaning workers,
37-2011,"2,360.60","Janitors and cleaners, except maids and housekeeping cleaners",
37-2012,"1,457.70",Maids and housekeeping cleaners,
37-2019,16.9,"Building cleaning workers, all other",
37-2021,74.1,Pest control workers,
37-3000,"1,282.00",Grounds maintenance workers,
37-3011,"1,167.80",Landscaping and groundskeeping workers,
37-3012,36.4,"Pesticide handlers, sprayers, and applicators, vegetation",
37-3013,53.2,Tree trimmers and pruners,
37-3019,24.5,"Grounds maintenance workers, all other",
39-0000,"6,006.10",Personal care and service occupations,
39-1000,290.7,Supervisors of personal care and service workers,
39-1010,34.9,First-line supervisors of gaming workers,
39-1011,27.8,Gaming supervisors,
39-1012,7.1,Slot supervisors,
39-1021,255.8,First-line supervisors of personal service workers,
39-2000,241.6,Animal care and service workers,
39-2011,36.8,Animal trainers,
39-2021,204.8,Nonfarm animal caretakers,
39-3000,543.9,Entertainment attendants and related workers,
39-3010,93.1,Gaming services workers,
39-3011,68.5,Gaming dealers,
39-3012,11.5,Gaming and sports book writers and runners,
39-3019,13.2,"Gaming service workers, all other",
39-3021,6.7,Motion picture projectionists,
39-3031,113.9,"Ushers, lobby attendants, and ticket takers",
39-3090,330.2,Miscellaneous entertainment attendants and related workers,
39-3091,288.6,Amusement and recreation attendants,
39-3092,6.2,Costume attendants,
39-3093,18.6,"Locker room, coatroom, and dressing room attendants",
39-3099,16.9,"Entertainment attendants and related workers, all other",
39-4000,71,Funeral service workers,
39-4011,3.8,Embalmers,
39-4021,36.1,Funeral attendants,
39-4031,31.1,"Morticians, undertakers, and funeral directors",
39-5000,852.3,Personal appearance workers,
39-5010,656.4,"Barbers, hairdressers, hairstylists and cosmetologists",
39-5011,59.2,Barbers,
39-5012,597.2,"Hairdressers, hairstylists, and cosmetologists",
39-5090,195.9,Miscellaneous personal appearance workers,
39-5091,3.6,"Makeup artists, theatrical and performance",
39-5092,113.6,Manicurists and pedicurists,
39-5093,23.8,Shampooers,
39-5094,55,Skincare specialists,
39-6000,74.8,"Baggage porters, bellhops, and concierges",
39-6011,43.6,Baggage porters and bellhops,
39-6012,31.2,Concierges,
39-7000,47.3,Tour and travel guides,
39-7011,43.5,Tour guides and escorts,
39-7012,3.9,Travel guides,
39-9000,"3,884.40",Other personal care and service workers,
39-9011,"1,260.60",Childcare workers,
39-9021,"1,768.40",Personal care aides,
39-9030,658.4,Recreation and fitness workers,
39-9031,279.1,Fitness trainers and aerobics instructors,
39-9032,379.3,Recreation workers,
39-9041,103.7,Residential advisors,
39-9099,93.2,"Personal care and service workers, all other",
41-0000,"15,423.10",Sales and related occupations,
41-1000,"1,968.50",Supervisors of sales workers,
41-1011,"1,537.80",First-line supervisors of retail sales workers,
41-1012,430.7,First-line supervisors of non-retail sales workers,
41-2000,"8,739.30",Retail sales workers,
41-2010,"3,437.50",Cashiers,
41-2011,"3,424.20",Cashiers,
41-2012,13.3,Gaming change persons and booth cashiers,
41-2020,676.9,Counter and rental clerks and parts salespersons,
41-2021,442.1,Counter and rental clerks,
41-2022,234.7,Parts salespersons,
41-2031,"4,624.90",Retail salespersons,
41-3000,"1,903.10","Sales representatives, services",
41-3011,167.9,Advertising sales agents,
41-3021,466.1,Insurance sales agents,
41-3031,341.5,"Securities, commodities, and financial services sales agents",
41-3041,74.1,Travel agents,
41-3099,853.5,"Sales representatives, services, all other",
41-4000,"1,800.90","Sales representatives, wholesale and manufacturing",
41-4011,347.8,"Sales representatives, wholesale and manufacturing, technical and scientific products",
41-4012,"1,453.10","Sales representatives, wholesale and manufacturing, except technical and scientific products",
41-9000,"1,011.20",Other sales and related workers,
41-9010,98.9,"Models, demonstrators, and product promoters",
41-9011,93,Demonstrators and product promoters,
41-9012,5.8,Models,
41-9020,421.3,Real estate brokers and sales agents,
41-9021,83.9,Real estate brokers,
41-9022,337.4,Real estate sales agents,
41-9031,69.9,Sales engineers,
41-9041,237.9,Telemarketers,
41-9090,183.2,Miscellaneous sales and related workers,
41-9091,80.2,"Door-to-door sales workers, news and street vendors, and related workers",
41-9099,103,"Sales and related workers, all other",
43-0000,"22,766.10",Office and administrative support occupations,
43-1000,"1,466.10",Supervisors of office and administrative support workers,
43-1011,"1,466.10",First-line supervisors of office and administrative support workers,
43-2000,128.8,Communications equipment operators,
43-2011,112.4,"Switchboard operators, including answering service",
43-2021,13.1,Telephone operators,
43-2099,3.3,"Communications equipment operators, all other",
43-3000,"3,440.40",Financial clerks,
43-3011,350.4,Bill and account collectors,
43-3021,514.6,Billing and posting clerks,
43-3031,"1,760.30","Bookkeeping, accounting, and auditing clerks",
43-3041,11.3,Gaming cage workers,
43-3051,172.8,Payroll and timekeeping clerks,
43-3061,72.3,Procurement clerks,
43-3071,520.5,Tellers,
43-3099,38.1,"Financial clerks, all other",
43-4000,"5,634.30",Information and record clerks,
43-4011,57.2,Brokerage clerks,
43-4021,8.4,Correspondence clerks,
43-4031,140.8,"Court, municipal, and license clerks",
43-4041,46.1,"Credit authorizers, checkers, and clerks",
43-4051,"2,581.80",Customer service representatives,
43-4061,129.9,"Eligibility interviewers, government programs",
43-4071,159,File clerks,
43-4081,243.2,"Hotel, motel, and resort desk clerks",
43-4111,198,"Interviewers, except eligibility and loan",
43-4121,108.8,"Library assistants, clerical",
43-4131,213.8,Loan interviewers and clerks,
43-4141,52.9,New accounts clerks,
43-4151,195.9,Order clerks,
43-4161,140.6,"Human resources assistants, except payroll and timekeeping",
43-4171,"1,028.60",Receptionists and information clerks,
43-4181,140.8,Reservation and transportation ticket agents and travel clerks,
43-4199,188.5,"Information and record clerks, all other",
43-5000,"3,919.40","Material recording, scheduling, dispatching, and distributing workers",
43-5011,78.8,Cargo and freight agents,
43-5021,92.9,Couriers and messengers,
43-5030,301.5,Dispatchers,
43-5031,102,"Police, fire, and ambulance dispatchers",
43-5032,199.5,"Dispatchers, except police, fire, and ambulance",
43-5041,37.4,"Meter readers, utilities",
43-5050,484.6,Postal service workers,
43-5051,69.6,Postal service clerks,
43-5052,297.4,Postal service mail carriers,
43-5053,117.6,"Postal service mail sorters, processors, and processing machine operators",
43-5061,304.6,"Production, planning, and expediting clerks",
43-5071,670.2,"Shipping, receiving, and traffic clerks",
43-5081,"1,878.10",Stock clerks and order fillers,
43-5111,71.3,"Weighers, measurers, checkers, and samplers, recordkeeping",
43-6000,"3,976.80",Secretaries and administrative assistants,
43-6011,776.6,Executive secretaries and executive administrative assistants,
43-6012,215.5,Legal secretaries,
43-6013,527.6,Medical secretaries,
43-6014,"2,457.00","Secretaries and administrative assistants, except legal, medical, and executive",
43-9000,"4,200.30",Other office and administrative support workers,
43-9011,61.1,Computer operators,
43-9020,307.5,Data entry and information processing workers,
43-9021,216.8,Data entry keyers,
43-9022,90.7,Word processors and typists,
43-9031,14.8,Desktop publishers,
43-9041,285.4,Insurance claims and policy processing clerks,
43-9051,104.9,"Mail clerks and mail machine operators, except postal service",
43-9061,"3,062.50","Office clerks, general",
43-9071,69.6,"Office machine operators, except computer",
43-9081,13.6,Proofreaders and copy markers,
43-9111,16.6,Statistical assistants,
43-9199,264.5,"Office and administrative support workers, all other",
45-0000,972.1,"Farming, fishing, and forestry occupations",
45-1000,47.1,"Supervisors of farming, fishing, and forestry workers",
45-1011,47.1,"First-line supervisors of farming, fishing, and forestry workers",
45-2000,828.9,Agricultural workers,
45-2011,14.2,Agricultural inspectors,
45-2021,7,Animal breeders,
45-2041,53,"Graders and sorters, agricultural products",
45-2090,754.7,Miscellaneous agricultural workers,
45-2091,57.8,Agricultural equipment operators,
45-2092,470.2,"Farmworkers and laborers, crop, nursery, and greenhouse",
45-2093,216.1,"Farmworkers, farm, ranch, and aquacultural animals",
45-2099,10.6,"Agricultural workers, all other",
45-3000,28.4,Fishing and hunting workers,
45-4000,67.7,"Forest, conservation, and logging workers",
45-4011,14,Forest and conservation workers,
45-4020,53.7,Logging workers,
45-4021,8.2,Fallers,
45-4022,37.3,Logging equipment operators,
45-4023,3.7,Log graders and scalers,
45-4029,4.5,"Logging workers, all other",
47-0000,"6,501.70",Construction and extraction occupations,
47-1000,578.4,Supervisors of construction and extraction workers,
47-1011,578.4,First-line supervisors of construction trades and extraction workers,
47-2000,"4,995.70",Construction trades workers,
47-2011,17.4,Boilermakers,
47-2020,93.1,"Brickmasons, blockmasons, and stonemasons",
47-2021,78.1,Brickmasons and blockmasons,
47-2022,14.9,Stonemasons,
47-2031,945.4,Carpenters,
47-2040,125.4,"Carpet, floor, and tile installers and finishers",
47-2041,45.3,Carpet installers,
47-2042,17.1,"Floor layers, except carpet, wood, and hard tiles",
47-2043,7.9,Floor sanders and finishers,
47-2044,55.1,Tile and marble setters,
47-2050,158.5,"Cement masons, concrete finishers, and terrazzo workers",
47-2051,155.2,Cement masons and concrete finishers,
47-2053,3.4,Terrazzo workers and finishers,
47-2061,"1,159.10",Construction laborers,
47-2070,424.8,Construction equipment operators,
47-2071,57.7,"Paving, surfacing, and tamping equipment operators",
47-2072,3.7,Pile-driver operators,
47-2073,363.4,Operating engineers and other construction equipment operators,
47-2080,127,"Drywall installers, ceiling tile installers, and tapers",
47-2081,106,Drywall and ceiling tile installers,
47-2082,21,Tapers,
47-2111,628.8,Electricians,
47-2121,45.3,Glaziers,
47-2130,55.6,Insulation workers,
47-2131,25.6,"Insulation workers, floor, ceiling, and wall",
47-2132,30.1,"Insulation workers, mechanical",
47-2140,367,Painters and paperhangers,
47-2141,360.5,"Painters, construction and maintenance",
47-2142,6.4,Paperhangers,
47-2150,470.8,"Pipelayers, plumbers, pipefitters, and steamfitters",
47-2151,45.7,Pipelayers,
47-2152,425,"Plumbers, pipefitters, and steamfitters",
47-2161,27,Plasterers and stucco masons,
47-2171,18.7,Reinforcing iron and rebar workers,
47-2181,123.4,Roofers,
47-2211,141,Sheet metal workers,
47-2221,61.4,Structural iron and steel workers,
47-2231,5.9,Solar photovoltaic installers,
47-3000,227.3,"Helpers, construction trades",
47-3011,23.5,"Helpers--brickmasons, blockmasons, stonemasons, and tile and marble setters",
47-3012,39.7,Helpers--carpenters,
47-3013,69,Helpers--electricians,
47-3014,11.9,"Helpers--painters, paperhangers, plasterers, and stucco masons",
47-3015,52.4,"Helpers--pipelayers, plumbers, pipefitters, and steamfitters",
47-3016,11.3,Helpers--roofers,
47-3019,19.5,"Helpers, construction trades, all other",
47-4000,418.2,Other construction and related workers,
47-4011,101.2,Construction and building inspectors,
47-4021,20.7,Elevator installers and repairers,
47-4031,24.4,Fence erectors,
47-4041,43.7,Hazardous materials removal workers,
47-4051,151.3,Highway maintenance workers,
47-4061,15.6,Rail-track laying and maintenance equipment operators,
47-4071,24.7,Septic tank servicers and sewer pipe cleaners,
47-4090,36.6,Miscellaneous construction and related workers,
47-4091,1.3,Segmental pavers,
47-4099,35.4,"Construction and related workers, all other",
47-5000,282.2,Extraction workers,
47-5010,114.3,"Derrick, rotary drill, and service unit operators, oil, gas, and mining",
47-5011,21.7,"Derrick operators, oil and gas",
47-5012,27.7,"Rotary drill operators, oil and gas",
47-5013,64.9,"Service unit operators, oil, gas, and mining",
47-5021,20,"Earth drillers, except oil and gas",
47-5031,8.1,"Explosives workers, ordnance handling experts, and blasters",
47-5040,22.3,Mining machine operators,
47-5041,12.3,Continuous mining machine operators,
47-5042,7.4,Mine cutting and channeling machine operators,
47-5049,2.6,"Mining machine operators, all other",
47-5051,3.7,"Rock splitters, quarry",
47-5061,6,"Roof bolters, mining",
47-5071,76.4,"Roustabouts, oil and gas",
47-5081,25.8,Helpers--extraction workers,
47-5099,5.7,"Extraction workers, all other",
49-0000,"5,680.50","Installation, maintenance, and repair occupations",
49-1000,447.1,"Supervisors of installation, maintenance, and repair workers",
49-1011,447.1,"First-line supervisors of mechanics, installers, and repairers",
49-2000,610.9,"Electrical and electronic equipment mechanics, installers, and repairers",
49-2011,131.6,"Computer, automated teller, and office machine repairers",
49-2020,232.2,Radio and telecommunications equipment installers and repairers,
49-2021,13.6,"Radio, cellular, and tower equipment installers and repairs",
49-2022,218.6,"Telecommunications equipment installers and repairers, except line installers",
49-2090,247.1,"Miscellaneous electrical and electronic equipment mechanics, installers, and repairers",
49-2091,17.4,Avionics technicians,
49-2092,19.3,"Electric motor, power tool, and related repairers",
49-2093,14.8,"Electrical and electronics installers and repairers, transportation equipment",
49-2094,67.8,"Electrical and electronics repairers, commercial and industrial equipment",
49-2095,22.7,"Electrical and electronics repairers, powerhouse, substation, and relay",
49-2096,11.5,"Electronic equipment installers and repairers, motor vehicles",
49-2097,29.6,Electronic home entertainment equipment installers and repairers,
49-2098,64,Security and fire alarm systems installers,
49-3000,"1,678.80","Vehicle and mobile equipment mechanics, installers, and repairers",
49-3011,119.9,Aircraft mechanics and service technicians,
49-3020,909,Automotive technicians and repairers,
49-3021,149.7,Automotive body and related repairers,
49-3022,19.3,Automotive glass installers and repairers,
49-3023,739.9,Automotive service technicians and mechanics,
49-3031,263.9,Bus and truck mechanics and diesel engine specialists,
49-3040,186.5,Heavy vehicle and mobile equipment service technicians and mechanics,
49-3041,40.3,Farm equipment mechanics and service technicians,
49-3042,124.7,"Mobile heavy equipment mechanics, except engines",
49-3043,21.5,Rail car repairers,
49-3050,71.7,Small engine mechanics,
49-3051,22.5,Motorboat mechanics and service technicians,
49-3052,17,Motorcycle mechanics,
49-3053,32.3,Outdoor power equipment and other small engine mechanics,
49-3090,127.8,"Miscellaneous vehicle and mobile equipment mechanics, installers, and repairers",
49-3091,10.8,Bicycle repairers,
49-3092,11.4,Recreational vehicle service technicians,
49-3093,105.5,Tire repairers and changers,
49-9000,"2,943.70","Other installation, maintenance, and repair occupations",
49-9010,59.8,Control and valve installers and repairers,
49-9011,17.4,Mechanical door repairers,
49-9012,42.4,"Control and valve installers and repairers, except mechanical door",
49-9021,292,"Heating, air conditioning, and refrigeration mechanics and installers",
49-9031,46.4,Home appliance repairers,
49-9040,466.2,"Industrial machinery installation, repair, and maintenance workers",
49-9041,332.2,Industrial machinery mechanics,
49-9043,91.2,"Maintenance workers, machinery",
49-9044,40.9,Millwrights,
49-9045,1.8,"Refractory materials repairers, except brickmasons",
49-9050,236.6,Line installers and repairers,
49-9051,118.6,Electrical power-line installers and repairers,
49-9052,118,Telecommunications line installers and repairers,
49-9060,75.8,Precision instrument and equipment repairers,
49-9061,3.7,Camera and photographic equipment repairers,
49-9062,48,Medical equipment repairers,
49-9063,8.6,Musical instrument repairers and tuners,
49-9064,2.7,Watch repairers,
49-9069,12.8,"Precision instrument and equipment repairers, all other",
49-9071,"1,374.70","Maintenance and repair workers, general",
49-9081,4.4,Wind turbine service technicians,
49-9090,387.8,"Miscellaneous installation, maintenance, and repair workers",
49-9091,34.9,"Coin, vending, and amusement machine servicers and repairers",
49-9092,4.4,Commercial divers,
49-9093,0.8,"Fabric menders, except garment",
49-9094,20.9,Locksmiths and safe repairers,
49-9095,4,Manufactured building and mobile home installers,
49-9096,20.8,Riggers,
49-9097,9.5,Signal and track switch repairers,
49-9098,129,"Helpers--installation, maintenance, and repair workers",
49-9099,163.5,"Installation, maintenance, and repair workers, all other",
51-0000,"9,230.30",Production occupations,
51-1000,606.9,Supervisors of production workers,
51-1011,606.9,First-line supervisors of production and operating workers,
51-2000,"1,834.00",Assemblers and fabricators,
51-2011,40.6,"Aircraft structure, surfaces, rigging, and systems assemblers",
51-2020,269.4,"Electrical, electronics, and electromechanical assemblers",
51-2021,14.9,"Coil winders, tapers, and finishers",
51-2022,207.2,Electrical and electronic equipment assemblers,
51-2023,47.2,Electromechanical equipment assemblers,
51-2031,39,Engine and other machine assemblers,
51-2041,79.2,Structural metal fabricators and fitters,
51-2090,"1,405.80",Miscellaneous assemblers and fabricators,
51-2091,19.2,Fiberglass laminators and fabricators,
51-2092,"1,144.20",Team assemblers,
51-2093,1.7,Timing device assemblers and adjusters,
51-2099,240.7,"Assemblers and fabricators, all other",
51-3000,786.1,Food processing workers,
51-3011,185.3,Bakers,
51-3020,377.9,"Butchers and other meat, poultry, and fish processing workers",
51-3021,139,Butchers and meat cutters,
51-3022,152.4,"Meat, poultry, and fish cutters and trimmers",
51-3023,86.4,Slaughterers and meat packers,
51-3090,223,Miscellaneous food processing workers,
51-3091,18.5,"Food and tobacco roasting, baking, and drying machine operators and tenders",
51-3092,122.5,Food batchmakers,
51-3093,37.5,Food cooking machine operators and tenders,
51-3099,44.4,"Food processing workers, all other",
51-4000,"1,971.50",Metal workers and plastic workers,
51-4010,173.9,Computer control programmers and operators,
51-4011,148.8,"Computer-controlled machine tool operators, metal and plastic",
51-4012,25.1,"Computer numerically controlled machine tool programmers, metal and plastic",
51-4020,128.8,"Forming machine setters, operators, and tenders, metal and plastic",
51-4021,73.4,"Extruding and drawing machine setters, operators, and tenders, metal and plastic",
51-4022,21.6,"Forging machine setters, operators, and tenders, metal and plastic",
51-4023,33.7,"Rolling machine setters, operators, and tenders, metal and plastic",
51-4030,346.7,"Machine tool cutting setters, operators, and tenders, metal and plastic",
51-4031,192.2,"Cutting, punching, and press machine setters, operators, and tenders, metal and plastic",
51-4032,17.8,"Drilling and boring machine tool setters, operators, and tenders, metal and plastic",
51-4033,71.4,"Grinding, lapping, polishing, and buffing machine tool setters, operators, and tenders, metal and plastic",
51-4034,42.9,"Lathe and turning machine tool setters, operators, and tenders, metal and plastic",
51-4035,22.4,"Milling and planing machine setters, operators, and tenders, metal and plastic",
51-4041,399.7,Machinists,
51-4050,31,"Metal furnace operators, tenders, pourers, and casters",
51-4051,21.2,Metal-refining furnace operators and tenders,
51-4052,9.8,"Pourers and casters, metal",
51-4060,10.1,"Model makers and patternmakers, metal and plastic",
51-4061,6.2,"Model makers, metal and plastic",
51-4062,3.8,"Patternmakers, metal and plastic",
51-4070,141.5,"Molders and molding machine setters, operators, and tenders, metal and plastic",
51-4071,12,Foundry mold and coremakers,
51-4072,129.5,"Molding, coremaking, and casting machine setters, operators, and tenders, metal and plastic",
51-4081,99.8,"Multiple machine tool setters, operators, and tenders, metal and plastic",
51-4111,77.8,Tool and die makers,
51-4120,457.5,"Welding, soldering, and brazing workers",
51-4121,397.9,"Welders, cutters, solderers, and brazers",
51-4122,59.5,"Welding, soldering, and brazing machine setters, operators, and tenders",
51-4190,104.7,Miscellaneous metal workers and plastic workers,
51-4191,21.3,"Heat treating equipment setters, operators, and tenders, metal and plastic",
51-4192,13.4,"Layout workers, metal and plastic",
51-4193,36.1,"Plating and coating machine setters, operators, and tenders, metal and plastic",
51-4194,11.5,"Tool grinders, filers, and sharpeners",
51-4199,22.4,"Metal workers and plastic workers, all other",
51-5100,260.7,Printing workers,
51-5111,36.5,Prepress technicians and workers,
51-5112,173,Printing press operators,
51-5113,51.2,Print binding and finishing workers,
51-6000,643.4,"Textile, apparel, and furnishings workers",
51-6011,208.2,Laundry and dry-cleaning workers,
51-6021,51.5,"Pressers, textile, garment, and related materials",
51-6031,153.9,Sewing machine operators,
51-6040,13.3,Shoe and leather workers,
51-6041,9.7,Shoe and leather workers and repairers,
51-6042,3.5,Shoe machine operators and tenders,
51-6050,52.5,"Tailors, dressmakers, and sewers",
51-6051,12,"Sewers, hand",
51-6052,40.5,"Tailors, dressmakers, and custom sewers",
51-6060,79.9,"Textile machine setters, operators, and tenders",
51-6061,11.7,Textile bleaching and dyeing machine operators and tenders,
51-6062,14.3,"Textile cutting machine setters, operators, and tenders",
51-6063,27.9,"Textile knitting and weaving machine setters, operators, and tenders",
51-6064,26,"Textile winding, twisting, and drawing out machine setters, operators, and tenders",
51-6090,84,"Miscellaneous textile, apparel, and furnishings workers",
51-6091,20.1,"Extruding and forming machine setters, operators, and tenders, synthetic and glass fibers",
51-6092,5.4,Fabric and apparel patternmakers,
51-6093,42.2,Upholsterers,
51-6099,16.2,"Textile, apparel, and furnishings workers, all other",
51-7000,254.6,Woodworkers,
51-7011,98.1,Cabinetmakers and bench carpenters,
51-7021,17.1,Furniture finishers,
51-7030,4.4,"Model makers and patternmakers, wood",
51-7031,2.6,"Model makers, wood",
51-7032,1.8,"Patternmakers, wood",
51-7040,122,"Woodworking machine setters, operators, and tenders",
51-7041,50,"Sawing machine setters, operators, and tenders, wood",
51-7042,72.1,"Woodworking machine setters, operators, and tenders, except sawing",
51-7099,12.9,"Woodworkers, all other",
51-8000,325.2,Plant and system operators,
51-8010,60,"Power plant operators, distributors, and dispatchers",
51-8011,7.5,Nuclear power reactor operators,
51-8012,11.4,Power distributors and dispatchers,
51-8013,41.1,Power plant operators,
51-8021,39.1,Stationary engineers and boiler operators,
51-8031,117,Water and wastewater treatment plant and system operators,
51-8090,109.1,Miscellaneous plant and system operators,
51-8091,38.1,Chemical plant and system operators,
51-8092,16.7,Gas plant operators,
51-8093,42.4,"Petroleum pump system operators, refinery operators, and gaugers",
51-8099,11.9,"Plant and system operators, all other",
51-9000,"2,548.10",Other production occupations,
51-9010,110.1,"Chemical processing machine setters, operators, and tenders",
51-9011,66.3,Chemical equipment operators and tenders,
51-9012,43.8,"Separating, filtering, clarifying, precipitating, and still machine setters, operators, and tenders",
51-9020,185.2,"Crushing, grinding, polishing, mixing, and blending workers",
51-9021,30.2,"Crushing, grinding, and polishing machine setters, operators, and tenders",
51-9022,29.9,"Grinding and polishing workers, hand",
51-9023,125.1,"Mixing and blending machine setters, operators, and tenders",
51-9030,79.4,Cutting workers,
51-9031,15.8,"Cutters and trimmers, hand",
51-9032,63.6,"Cutting and slicing machine setters, operators, and tenders",
51-9041,68.2,"Extruding, forming, pressing, and compacting machine setters, operators, and tenders",
51-9051,20.9,"Furnace, kiln, oven, drier, and kettle operators and tenders",
51-9061,496.6,"Inspectors, testers, sorters, samplers, and weighers",
51-9071,39.8,Jewelers and precious stone and metal workers,
51-9080,83.5,"Medical, dental, and ophthalmic laboratory technicians",
51-9081,38.7,Dental laboratory technicians,
51-9082,14.6,Medical appliance technicians,
51-9083,30.2,Ophthalmic laboratory technicians,
51-9111,378.4,Packaging and filling machine operators and tenders,
51-9120,169.5,Painting workers,
51-9121,97.7,"Coating, painting, and spraying machine setters, operators, and tenders",
51-9122,54.3,"Painters, transportation equipment",
51-9123,17.5,"Painting, coating, and decorating workers",
51-9141,25.3,Semiconductor processors,
51-9151,28.8,Photographic process workers and processing machine operators,
51-9190,862.2,Miscellaneous production workers,
51-9191,18.4,Adhesive bonding machine operators and tenders,
51-9192,18.5,"Cleaning, washing, and metal pickling equipment operators and tenders",
51-9193,8.8,Cooling and freezing equipment operators and tenders,
51-9194,9.7,Etchers and engravers,
51-9195,41.4,"Molders, shapers, and casters, except metal and plastic",
51-9196,91.9,"Paper goods machine setters, operators, and tenders",
51-9197,18.1,Tire builders,
51-9198,419.2,Helpers--production workers,
51-9199,236.2,"Production workers, all other",
53-0000,"9,748.50",Transportation and material moving occupations,
53-1000,378.6,Supervisors of transportation and material moving workers,
53-1011,5.8,Aircraft cargo handling supervisors,
53-1021,173.1,"First-line supervisors of helpers, laborers, and material movers, hand",
53-1031,199.7,First-line supervisors of transportation and material-moving machine and vehicle operators,
53-2000,248.8,Air transportation workers,
53-2010,119.2,Aircraft pilots and flight engineers,
53-2011,75.7,"Airline pilots, copilots, and flight engineers",
53-2012,43.5,Commercial pilots,
53-2020,31.7,Air traffic controllers and airfield operations specialists,
53-2021,24.5,Air traffic controllers,
53-2022,7.2,Airfield operations specialists,
53-2031,97.9,Flight attendants,
53-3000,"4,108.00",Motor vehicle operators,
53-3011,19.6,"Ambulance drivers and attendants, except emergency medical technicians",
53-3020,665,Bus drivers,
53-3021,167.8,"Bus drivers, transit and intercity",
53-3022,497.3,"Bus drivers, school or special client",
53-3030,"3,127.70",Driver/sales workers and truck drivers,
53-3031,445.3,Driver/sales workers,
53-3032,"1,797.70",Heavy and tractor-trailer truck drivers,
53-3033,884.7,Light truck or delivery services drivers,
53-3041,233.7,Taxi drivers and chauffeurs,
53-3099,62,"Motor vehicle operators, all other",
53-4000,129.1,Rail transportation workers,
53-4010,46.1,Locomotive engineers and operators,
53-4011,40.4,Locomotive engineers,
53-4012,1.7,Locomotive firers,
53-4013,4,"Rail yard engineers, dinkey operators, and hostlers",
53-4021,22.1,"Railroad brake, signal, and switch operators",
53-4031,45.1,Railroad conductors and yardmasters,
53-4041,12,Subway and streetcar operators,
53-4099,3.8,"Rail transportation workers, all other",
53-5000,78.5,Water transportation workers,
53-5011,28.3,Sailors and marine oilers,
53-5020,39.8,Ship and boat captains and operators,
53-5021,35.1,"Captains, mates, and pilots of water vessels",
53-5022,4.7,Motorboat operators,
53-5031,10.3,Ship engineers,
53-6000,334.9,Other transportation workers,
53-6011,3.5,Bridge and lock tenders,
53-6021,135.6,Parking lot attendants,
53-6031,105.8,Automotive and watercraft service attendants,
53-6041,6.8,Traffic technicians,
53-6051,26.4,Transportation inspectors,
53-6061,16.5,"Transportation attendants, except flight attendants",
53-6099,40.2,"Transportation workers, all other",
53-7000,"4,470.60",Material moving workers,
53-7011,39.7,Conveyor operators and tenders,
53-7021,45.5,Crane and tower operators,
53-7030,60.9,"Dredge, excavating, and loading machine operators",
53-7031,2.2,Dredge operators,
53-7032,53.9,Excavating and loading machine and dragline operators,
53-7033,4.8,"Loading machine operators, underground mining",
53-7041,2.9,Hoist and winch operators,
53-7051,530.9,Industrial truck and tractor operators,
53-7060,"3,587.80","Laborers and material movers, hand",
53-7061,346.9,Cleaners of vehicles and equipment,
53-7062,"2,441.30","Laborers and freight, stock, and material movers, hand",
53-7063,104.2,Machine feeders and offbearers,
53-7064,695.4,"Packers and packagers, hand",
53-7070,32.1,Pumping station operators,
53-7071,5.1,Gas compressor and gas pumping station operators,
53-7072,13.1,"Pump operators, except wellhead pumpers",
53-7073,13.9,Wellhead pumpers,
53-7081,131.5,Refuse and recyclable material collectors,
53-7111,2.7,Mine shuttle car operators,
53-7121,13,"Tank car, truck, and ship loaders",
53-7199,23.6,"Material moving workers, all other",
,,,